gene_name	n_syn	n_mis	n_non	n_spl	n_ind	wmis_cv	wnon_cv	wspl_cv	wind_cv	pmis_cv	ptrunc_cv	pallsubs_cv	pind_cv	qmis_cv	qtrunc_cv	qallsubs_cv	qind_cv	pglobal_cv	qglobal_cv
KRAS	0	30	0	0	0	121.707175092449	0	0	0	0	0.78007937013358	0	1	0	0.920492770712356	0	1	0	0
TP53	2	21	7	0	3	27.974614848676	84.8869917980213	84.8869917980213	81.7442411244658	1.11022302462516e-16	4.59359217330757e-11	0	0.000112495834074486	1.06670228205985e-12	4.41352336011391e-07	0	0.475529674624782	0	0
APC	0	9	33	0	7	2.80407393699868	83.5327495413309	83.5327495413309	26.424122951392	0.0525802687265257	0	0	0.000184060586527171	0.757353367989735	0	0	0.475529674624782	0	0
FBXW7	1	7	7	0	0	6.98708841853695	44.2899787697883	44.2899787697883	0	0.000764430533468197	5.67367974824151e-09	2.23738627624925e-09	1	0.757353367989735	3.63418100140696e-05	1.07484036711014e-05	1	4.68015509680342e-08	0.000224834650850436
SMAD4	0	12	1	0	0	18.4285764964435	14.0425112030882	14.0425112030882	0	8.16764211819532e-09	0.0702111803876147	2.79360333754752e-08	1	5.23164703144137e-05	0.920492770712356	0.000107363763468626	1	5.13837196569611e-07	0.00197477911385633
ARID2	3	0	4	0	4	0	13.2098602875536	13.2098602875536	23.3894197552938	0.021593642820897	0.000569775753985646	6.06507385725319e-05	0.00143829594508933	0.757353367989735	0.920492770712356	0.129496065823308	1	1.50518933694777e-06	0.00482061971646471
ZFP36L2	0	3	0	0	5	3.01262406210215	0	0	108.441855229089	0.153185261974373	0.848925270439367	0.352070246813573	1.33787062725571e-06	0.757353367989735	0.920492770712356	0.947339048598423	0.0257085219733457	7.33307612643674e-06	0.0201303415493726
CD58	0	1	4	0	0	3.33156751525022	113.251355394316	113.251355394316	0	0.336143403449915	1.52994395485884e-07	8.82823511405562e-07	1	0.757353367989735	0.000734985075914185	0.00282738943252821	1	1.31895073237631e-05	0.031681196591679
